{"stephen": 1000.211381548001, "bloom": 614.1284019761115, "j": 395.0938929191688, "don\u2019t": 361.8228282522914, "dedalus": 332.71064666877373, "republic": 228.73856958478194, "glaucon": 178.8319725844659, "thrasymachus": 176.75253104278605, "plato": 151.81117224637262, "adeimantus": 149.71979100094816, "alice": 230.12486394590184, "rabbit": 30.40570684336351, "[illustration": 25.501560578304883, "mouse": 24.520731325293156, "caterpillar": 19.408121055678468, "soveraign": 1023.0852385064792, "common-wealth": 867.1271228804915, "onely": 856.7299151720923, "civill": 677.8979425876264, "kingdome": 592.6408393787532, "martians": 330.6312051270939, "martian": 106.74466580623158, "woking": 103.97207708399179, "pit": 78.4663402409381, "heat-ray": 70.70101241711441, "bennet": 576.0053070453145, "bingley": 492.8276453781211, "darcy": 474.11267150300256, "elizabeth": 402.0253647247683, "jane": 350.7324733633323, "jo": 1663.5532333438687, "meg": 1276.7771065914192, "amy": 1149.9311725489492, "laurie": 1095.8656924652735, "beth": 548.9725670034767, "hector": 501.8385587254004, "thy": 442.27341512023725, "achilles": 392.3317012046905, "o'er": 356.0410188432566, "jove": 331.5202875179634}